<?xml version='1.0' encoding='utf-8'?>
<!-- $Revision: 1.1 $ -->
<!--
  Do NOT translate this file
-->
<versions>
 <function name='apd_breakpoint' from='PECL apd &gt;= 0.2'/>
 <function name='apd_callstack' from='PECL apd 0.2-0.4'/>
 <function name='apd_cluck' from='PECL apd 0.2-0.4'/>
 <function name='apd_continue' from='PECL apd &gt;= 0.2'/>
 <function name='apd_croak' from='PECL apd 0.2-0.4'/>
 <function name='apd_dump_persistent_resources' from='PECL apd 0.2-0.4'/>
 <function name='apd_dump_regular_resources' from='PECL apd 0.2-0.4'/>
 <function name='apd_echo' from='PECL apd &gt;= 0.2'/>
 <function name='apd_get_active_symbols' from='PECL apd 0.2'/>
 <function name='apd_get_function_table' from='PECL apd 0.2'/>
 <function name='apd_set_browser_trace' from='PECL apd &gt;= 0.9'/>
 <function name='apd_set_pprof_trace' from='PECL apd &gt;= 0.2'/>
 <function name='apd_set_session' from='PECL apd 0.2-0.4'/>
 <function name='apd_set_session_trace' from='PECL apd 0.2-0.4'/>
 <function name='apd_set_session_trace_socket' from='PECL apd &gt;= 0.2'/>
 <function name='dump_function_table' from='PECL apd 0.2-0.4'/>
 <function name='override_function' from='PECL apd &gt;= 0.2'/>
 <function name='rename_function' from='PECL apd &gt;= 0.2'/>
</versions>

<!-- Keep this comment at the end of the file
Local variables:
mode: sgml
sgml-omittag:t
sgml-shorttag:t
sgml-minimize-attributes:nil
sgml-always-quote-attributes:t
sgml-indent-step:1
sgml-indent-data:t
indent-tabs-mode:nil
sgml-parent-document:nil
sgml-default-dtd-file:"../../../manual.ced"
sgml-exposed-tags:nil
sgml-local-catalogs:nil
sgml-local-ecat-files:nil
End:
vim600: syn=xml fen fdm=syntax fdl=2 si
vim: et tw=78 syn=sgml
vi: ts=1 sw=1
-->