<?xml version='1.0' encoding='utf-8'?>
<!-- $Revision: 1.1 $ -->
<!--
  Do NOT translate this file
-->
<versions>
 <function name='apc_add' from='PECL apc &gt;= 3.0.13'/>
 <function name='apc_cache_info' from='PECL apc &gt;= 2.0.0'/>
 <function name='apc_clear_cache' from='PECL apc &gt;= 2.0.0'/>
 <function name='apc_compile_file' from='PECL apc &gt;= 3.0.13'/>
 <function name='apc_define_constants' from='PECL apc &gt;= 3.0.0'/>
 <function name='apc_delete' from='PECL apc &gt;= 3.0.0'/>
 <function name='apc_fetch' from='PECL apc &gt;= 3.0.0'/>
 <function name='apc_load_constants' from='PECL apc &gt;= 3.0.0'/>
 <function name='apc_sma_info' from='PECL apc &gt;= 2.0.0'/>
 <function name='apc_store' from='PECL apc &gt;= 3.0.0'/>
</versions>

<!-- Keep this comment at the end of the file
Local variables:
mode: sgml
sgml-omittag:t
sgml-shorttag:t
sgml-minimize-attributes:nil
sgml-always-quote-attributes:t
sgml-indent-step:1
sgml-indent-data:t
indent-tabs-mode:nil
sgml-parent-document:nil
sgml-default-dtd-file:"../../../manual.ced"
sgml-exposed-tags:nil
sgml-local-catalogs:nil
sgml-local-ecat-files:nil
End:
vim600: syn=xml fen fdm=syntax fdl=2 si
vim: et tw=78 syn=sgml
vi: ts=1 sw=1
-->