<?xml version='1.0' encoding='utf-8'?>
<!-- $Revision: 1.1 $ -->
<!--
  Do NOT translate this file
-->
<versions>
 <function name='ftp_alloc' from='PHP 5'/>
 <function name='ftp_cdup' from='PHP 4, PHP 5'/>
 <function name='ftp_chdir' from='PHP 4, PHP 5'/>
 <function name='ftp_chmod' from='PHP 5'/>
 <function name='ftp_close' from='PHP 4 &gt;= 4.2.0, PHP 5'/>
 <function name='ftp_connect' from='PHP 4, PHP 5'/>
 <function name='ftp_delete' from='PHP 4, PHP 5'/>
 <function name='ftp_exec' from='PHP 4 &gt;= 4.0.3, PHP 5'/>
 <function name='ftp_fget' from='PHP 4, PHP 5'/>
 <function name='ftp_fput' from='PHP 4, PHP 5'/>
 <function name='ftp_get' from='PHP 4, PHP 5'/>
 <function name='ftp_get_option' from='PHP 4 &gt;= 4.2.0, PHP 5'/>
 <function name='ftp_login' from='PHP 4, PHP 5'/>
 <function name='ftp_mdtm' from='PHP 4, PHP 5'/>
 <function name='ftp_mkdir' from='PHP 4, PHP 5'/>
 <function name='ftp_nb_continue' from='PHP 4 &gt;= 4.3.0, PHP 5'/>
 <function name='ftp_nb_fget' from='PHP 4 &gt;= 4.3.0, PHP 5'/>
 <function name='ftp_nb_fput' from='PHP 4 &gt;= 4.3.0, PHP 5'/>
 <function name='ftp_nb_get' from='PHP 4 &gt;= 4.3.0, PHP 5'/>
 <function name='ftp_nb_put' from='PHP 4 &gt;= 4.3.0, PHP 5'/>
 <function name='ftp_nlist' from='PHP 4, PHP 5'/>
 <function name='ftp_pasv' from='PHP 4, PHP 5'/>
 <function name='ftp_put' from='PHP 4, PHP 5'/>
 <function name='ftp_pwd' from='PHP 4, PHP 5'/>
 <function name='ftp_quit' from='PHP 4, PHP 5'/>
 <function name='ftp_raw' from='PHP 5'/>
 <function name='ftp_rawlist' from='PHP 4, PHP 5'/>
 <function name='ftp_rename' from='PHP 4, PHP 5'/>
 <function name='ftp_rmdir' from='PHP 4, PHP 5'/>
 <function name='ftp_set_option' from='PHP 4 &gt;= 4.2.0, PHP 5'/>
 <function name='ftp_site' from='PHP 4, PHP 5'/>
 <function name='ftp_size' from='PHP 4, PHP 5'/>
 <function name='ftp_ssl_connect' from='PHP 4 &gt;= 4.3.0, PHP 5'/>
 <function name='ftp_systype' from='PHP 4, PHP 5'/>
</versions>

<!-- Keep this comment at the end of the file
Local variables:
mode: sgml
sgml-omittag:t
sgml-shorttag:t
sgml-minimize-attributes:nil
sgml-always-quote-attributes:t
sgml-indent-step:1
sgml-indent-data:t
indent-tabs-mode:nil
sgml-parent-document:nil
sgml-default-dtd-file:"../../../manual.ced"
sgml-exposed-tags:nil
sgml-local-catalogs:nil
sgml-local-ecat-files:nil
End:
vim600: syn=xml fen fdm=syntax fdl=2 si
vim: et tw=78 syn=sgml
vi: ts=1 sw=1
-->