<?xml version='1.0' encoding='utf-8'?>
<!-- $Revision: 1.1 $ -->
<!--
  Do NOT translate this file

  FIXME: Add the DateTime class (5.2.0) and date functions not prefixed with date_
-->
<versions>
 <function name='date' from='PHP 4, PHP 5'/>
 <function name='date_create' from='PHP 5 &gt;= 5.2.0'/>
 <function name='date_date_set' from='PHP 5 &gt;= 5.2.0'/>
 <function name='date_default_timezone_get' from='PHP 5 &gt;= 5.2.0'/>
 <function name='date_default_timezone_set' from='PHP 5 &gt;= 5.2.0'/>
 <function name='date_format' from='PHP 5 &gt;= 5.2.0'/>
 <function name='date_isodate_set' from='PHP 5 &gt;= 5.2.0'/>
 <function name='date_modify' from='PHP 5 &gt;= 5.2.0'/>
 <function name='date_offset_get' from='PHP 5 &gt;= 5.2.0'/>
 <function name='date_parse' from='PHP 5 &gt;= 5.2.0'/>
 <function name='date_sun_info' from='PHP 5 &gt;= 5.1.2'/>
 <function name='date_sunrise' from='PHP 5'/>
 <function name='date_sunset' from='PHP 5'/>
 <function name='date_time_set' from='PHP 5 &gt;= 5.2.0'/>
 <function name='date_timezone_get' from='PHP 5 &gt;= 5.2.0'/>
 <function name='date_timezone_set' from='PHP 5 &gt;= 5.2.0'/>

 <function name='date_add_days' from='PECL date_time:0.1'/>
 <function name='date_add_months' from='PECL date_time:0.1'/>
 <function name='date_add_weeks' from='PECL date_time:0.1'/>
 <function name='date_add_years' from='PECL date_time:0.1'/>
 <function name='date_clamp' from='PECL date_time:0.1'/>
 <function name='date_compare' from='PECL date_time:0.1'/>
 <function name='date_days_between' from='PECL date_time:0.1'/>
 <function name='date_free' from='PECL date_time:0.1'/>
 <function name='date_get_array' from='PECL date_time:0.1'/>
 <function name='date_get_day' from='PECL date_time:0.1'/>
 <function name='date_get_day_of_year' from='PECL date_time:0.1'/>
 <function name='date_get_days_in_month' from='PECL date_time:0.1'/>
 <function name='date_get_easter' from='PECL date_time:0.1'/>
 <function name='date_get_first_dow' from='PECL date_time:0.1'/>
 <function name='date_get_isoweek_of_year' from='PECL date_time:0.1'/>
 <function name='date_get_julian' from='PECL date_time:0.1'/>
 <function name='date_get_last_dow' from='PECL date_time:0.1'/>
 <function name='date_get_month' from='PECL date_time:0.1'/>
 <function name='date_get_to_last_month_day' from='PECL date_time:0.1'/>
 <function name='date_get_to_next_weekday' from='PECL date_time:0.1'/>
 <function name='date_get_to_prev_week_day' from='PECL date_time:0.1'/>
 <function name='date_get_to_week' from='PECL date_time:0.1'/>
 <function name='date_get_to_weekday' from='PECL date_time:0.1'/>
 <function name='date_get_to_weekday_in_same_week' from='PECL date_time:0.1'/>
 <function name='date_get_week_of_year' from='PECL date_time:0.1'/>
 <function name='date_get_weekday' from='PECL date_time:0.1'/>
 <function name='date_get_weeks_of_year' from='PECL date_time:0.1'/>
 <function name='date_get_year' from='PECL date_time:0.1'/>
 <function name='date_is_leap_year' from='PECL date_time:0.1'/>
 <function name='date_new' from='PECL date_time:0.1'/>
 <function name='date_new_dmy' from='PECL date_time:0.1'/>
 <function name='date_new_julian' from='PECL date_time:0.1'/>
 <function name='date_new_now' from='PECL date_time:0.1'/>
 <function name='date_order' from='PECL date_time:0.1'/>
 <function name='date_set_day' from='PECL date_time:0.1'/>
 <function name='date_set_dmy' from='PECL date_time:0.1'/>
 <function name='date_set_first_dow' from='PECL date_time:0.1'/>
 <function name='date_set_julian' from='PECL date_time:0.1'/>
 <function name='date_set_last_dow' from='PECL date_time:0.1'/>
 <function name='date_set_month' from='PECL date_time:0.1'/>
 <function name='date_set_to_last_month_day' from='PECL date_time:0.1'/>
 <function name='date_set_to_next_weekday' from='PECL date_time:0.1'/>
 <function name='date_set_to_prev_week_day' from='PECL date_time:0.1'/>
 <function name='date_set_to_week' from='PECL date_time:0.1'/>
 <function name='date_set_to_weekday' from='PECL date_time:0.1'/>
 <function name='date_set_to_weekday_in_same_week' from='PECL date_time:0.1'/>
 <function name='date_set_year' from='PECL date_time:0.1'/>
 <function name='date_strftime' from='PECL date_time:0.1'/>
 <function name='date_sub_days' from='PECL date_time:0.1'/>
 <function name='date_sub_months' from='PECL date_time:0.1'/>
 <function name='date_sub_weeks' from='PECL date_time:0.1'/>
 <function name='date_sub_years' from='PECL date_time:0.1'/>
 <function name='date_valid' from='PECL date_time:0.1'/>
 <function name='date_valid_dmy' from='PECL date_time:0.1'/>
 <function name='date_valid_julian' from='PECL date_time:0.1'/>
</versions>

<!-- Keep this comment at the end of the file
Local variables:
mode: sgml
sgml-omittag:t
sgml-shorttag:t
sgml-minimize-attributes:nil
sgml-always-quote-attributes:t
sgml-indent-step:1
sgml-indent-data:t
indent-tabs-mode:nil
sgml-parent-document:nil
sgml-default-dtd-file:"../../../manual.ced"
sgml-exposed-tags:nil
sgml-local-catalogs:nil
sgml-local-ecat-files:nil
End:
vim600: syn=xml fen fdm=syntax fdl=2 si
vim: et tw=78 syn=sgml
vi: ts=1 sw=1
-->