<?xml version='1.0' encoding='utf-8'?>
<!-- $Revision: 1.1 $ -->
<!--
  Do NOT translate this file
-->
<versions>
 <function name='iconv' from='PHP 4 &gt;= 4.0.5, PHP 5'/>
 <function name='iconv_get_encoding' from='PHP 4 &gt;= 4.0.5, PHP 5'/>
 <function name='iconv_mime_decode' from='PHP 5'/>
 <function name='iconv_mime_decode_headers' from='PHP 5'/>
 <function name='iconv_mime_encode' from='PHP 5'/>
 <function name='iconv_set_encoding' from='PHP 4 &gt;= 4.0.5, PHP 5'/>
 <function name='iconv_strlen' from='PHP 5'/>
 <function name='iconv_strpos' from='PHP 5'/>
 <function name='iconv_strrpos' from='PHP 5'/>
 <function name='iconv_substr' from='PHP 5'/>
</versions>

<!-- Keep this comment at the end of the file
Local variables:
mode: sgml
sgml-omittag:t
sgml-shorttag:t
sgml-minimize-attributes:nil
sgml-always-quote-attributes:t
sgml-indent-step:1
sgml-indent-data:t
indent-tabs-mode:nil
sgml-parent-document:nil
sgml-default-dtd-file:"../../../manual.ced"
sgml-exposed-tags:nil
sgml-local-catalogs:nil
sgml-local-ecat-files:nil
End:
vim600: syn=xml fen fdm=syntax fdl=2 si
vim: et tw=78 syn=sgml
vi: ts=1 sw=1
-->