<?xml version='1.0' encoding='utf-8'?>
<!-- $Revision: 1.1 $ -->
<!--
  Do NOT translate this file
-->
<versions>
 <function name='bcadd' from='PHP 4, PHP 5'/>
 <function name='bccomp' from='PHP 4, PHP 5'/>
 <function name='bcdiv' from='PHP 4, PHP 5'/>
 <function name='bcmod' from='PHP 4, PHP 5'/>
 <function name='bcmul' from='PHP 4, PHP 5'/>
 <function name='bcpow' from='PHP 4, PHP 5'/>
 <function name='bcpowmod' from='PHP 5'/>
 <function name='bcscale' from='PHP 4, PHP 5'/>
 <function name='bcsqrt' from='PHP 4, PHP 5'/>
 <function name='bcsub' from='PHP 4, PHP 5'/>
</versions>

<!-- Keep this comment at the end of the file
Local variables:
mode: sgml
sgml-omittag:t
sgml-shorttag:t
sgml-minimize-attributes:nil
sgml-always-quote-attributes:t
sgml-indent-step:1
sgml-indent-data:t
indent-tabs-mode:nil
sgml-parent-document:nil
sgml-default-dtd-file:"../../../manual.ced"
sgml-exposed-tags:nil
sgml-local-catalogs:nil
sgml-local-ecat-files:nil
End:
vim600: syn=xml fen fdm=syntax fdl=2 si
vim: et tw=78 syn=sgml
vi: ts=1 sw=1
-->