<?xml version='1.0' encoding='utf-8'?>
<!-- $Revision: 1.1 $ -->
<!--
  Do NOT translate this file
-->
<versions>
 <function name='hash' from='PHP 5 &gt;= 5.1.2, PECL hash &gt;= 1.1'/>
 <function name='hash_algos' from='PHP 5 &gt;= 5.1.2, PECL hash &gt;= 1.1'/>
 <function name='hash_file' from='PHP 5 &gt;= 5.1.2, PECL hash &gt;= 1.1'/>
 <function name='hash_final' from='PHP 5 &gt;= 5.1.2, PECL hash &gt;= 1.1'/>
 <function name='hash_hmac' from='PHP 5 &gt;= 5.1.2, PECL hash &gt;= 1.1'/>
 <function name='hash_hmac_file' from='PHP 5 &gt;= 5.1.2, PECL hash &gt;= 1.1'/>
 <function name='hash_init' from='PHP 5 &gt;= 5.1.2, PECL hash &gt;= 1.1'/>
 <function name='hash_update' from='PHP 5 &gt;= 5.1.2, PECL hash &gt;= 1.1'/>
 <function name='hash_update_file' from='PHP 5 &gt;= 5.1.2, PECL hash &gt;= 1.1'/>
 <function name='hash_update_stream' from='PHP 5 &gt;= 5.1.2, PECL hash &gt;= 1.1'/>
</versions>

<!-- Keep this comment at the end of the file
Local variables:
mode: sgml
sgml-omittag:t
sgml-shorttag:t
sgml-minimize-attributes:nil
sgml-always-quote-attributes:t
sgml-indent-step:1
sgml-indent-data:t
indent-tabs-mode:nil
sgml-parent-document:nil
sgml-default-dtd-file:"../../../manual.ced"
sgml-exposed-tags:nil
sgml-local-catalogs:nil
sgml-local-ecat-files:nil
End:
vim600: syn=xml fen fdm=syntax fdl=2 si
vim: et tw=78 syn=sgml
vi: ts=1 sw=1
-->