<?xml version='1.0' encoding='utf-8'?>
<!-- $Revision: 1.1 $ -->
<!--
  Do NOT translate this file
-->
<versions>
 <function name='image2wbmp' from='PHP 4 &gt;= 4.0.5, PHP 5'/>
 <function name='image_type_to_extension' from='PHP 5'/>
 <function name='image_type_to_mime_type' from='PHP 4 &gt;= 4.3.0, PHP 5'/>
 <function name='imagealphablending' from='PHP 4 &gt;= 4.0.6, PHP 5'/>
 <function name='imageantialias' from='PHP 4 &gt;= 4.3.2, PHP 5'/>
 <function name='imagearc' from='PHP 4, PHP 5'/>
 <function name='imagechar' from='PHP 4, PHP 5'/>
 <function name='imagecharup' from='PHP 4, PHP 5'/>
 <function name='imagecolorallocate' from='PHP 4, PHP 5'/>
 <function name='imagecolorallocatealpha' from='PHP 4 &gt;= 4.3.2, PHP 5'/>
 <function name='imagecolorat' from='PHP 4, PHP 5'/>
 <function name='imagecolorclosest' from='PHP 4, PHP 5'/>
 <function name='imagecolorclosestalpha' from='PHP 4 &gt;= 4.0.6, PHP 5'/>
 <function name='imagecolorclosesthwb' from='PHP 4 &gt;= 4.0.1, PHP 5'/>
 <function name='imagecolordeallocate' from='PHP 4, PHP 5'/>
 <function name='imagecolorexact' from='PHP 4, PHP 5'/>
 <function name='imagecolorexactalpha' from='PHP 4 &gt;= 4.0.6, PHP 5'/>
 <function name='imagecolormatch' from='PHP 4 &gt;= 4.3.0, PHP 5'/>
 <function name='imagecolorresolve' from='PHP 4, PHP 5'/>
 <function name='imagecolorresolvealpha' from='PHP 4 &gt;= 4.0.6, PHP 5'/>
 <function name='imagecolorset' from='PHP 4, PHP 5'/>
 <function name='imagecolorsforindex' from='PHP 4, PHP 5'/>
 <function name='imagecolorstotal' from='PHP 4, PHP 5'/>
 <function name='imagecolortransparent' from='PHP 4, PHP 5'/>
 <function name='imageconvolution' from='PHP 5 &gt;= 5.1.0'/>
 <function name='imagecopy' from='PHP 4, PHP 5'/>
 <function name='imagecopymerge' from='PHP 4 &gt;= 4.0.1, PHP 5'/>
 <function name='imagecopymergegray' from='PHP 4 &gt;= 4.0.6, PHP 5'/>
 <function name='imagecopyresampled' from='PHP 4 &gt;= 4.0.6, PHP 5'/>
 <function name='imagecopyresized' from='PHP 4, PHP 5'/>
 <function name='imagecreate' from='PHP 4, PHP 5'/>
 <function name='imagecreatefromgd' from='PHP 4 &gt;= 4.0.7, PHP 5'/>
 <function name='imagecreatefromgd2' from='PHP 4 &gt;= 4.0.7, PHP 5'/>
 <function name='imagecreatefromgd2part' from='PHP 4 &gt;= 4.0.7, PHP 5'/>
 <function name='imagecreatefromgif' from='PHP 4, PHP 5'/>
 <function name='imagecreatefromjpeg' from='PHP 4, PHP 5'/>
 <function name='imagecreatefrompng' from='PHP 4, PHP 5'/>
 <function name='imagecreatefromstring' from='PHP 4 &gt;= 4.0.4, PHP 5'/>
 <function name='imagecreatefromwbmp' from='PHP 4 &gt;= 4.0.1, PHP 5'/>
 <function name='imagecreatefromxbm' from='PHP 4 &gt;= 4.0.1, PHP 5'/>
 <function name='imagecreatefromxpm' from='PHP 4 &gt;= 4.0.1, PHP 5'/>
 <function name='imagecreatetruecolor' from='PHP 4 &gt;= 4.0.6, PHP 5'/>
 <function name='imagedashedline' from='PHP 4, PHP 5'/>
 <function name='imagedestroy' from='PHP 4, PHP 5'/>
 <function name='imageellipse' from='PHP 4 &gt;= 4.0.6, PHP 5'/>
 <function name='imagefill' from='PHP 4, PHP 5'/>
 <function name='imagefilledarc' from='PHP 4 &gt;= 4.0.6, PHP 5'/>
 <function name='imagefilledellipse' from='PHP 4 &gt;= 4.0.6, PHP 5'/>
 <function name='imagefilledpolygon' from='PHP 4, PHP 5'/>
 <function name='imagefilledrectangle' from='PHP 4, PHP 5'/>
 <function name='imagefilltoborder' from='PHP 4, PHP 5'/>
 <function name='imagefilter' from='PHP 5'/>
 <function name='imagefontheight' from='PHP 4, PHP 5'/>
 <function name='imagefontwidth' from='PHP 4, PHP 5'/>
 <function name='imageftbbox' from='PHP 4 &gt;= 4.0.7, PHP 5'/>
 <function name='imagefttext' from='PHP 4 &gt;= 4.0.7, PHP 5'/>
 <function name='imagegammacorrect' from='PHP 4, PHP 5'/>
 <function name='imagegd' from='PHP 4 &gt;= 4.0.7, PHP 5'/>
 <function name='imagegd2' from='PHP 4 &gt;= 4.0.7, PHP 5'/>
 <function name='imagegif' from='PHP 4, PHP 5'/>
 <function name='imagegrabscreen' from='PHP 5 &gt;= 5.2.2'/>
 <function name='imagegrabwindow' from='PHP 5 &gt;= 5.2.2'/>
 <function name='imageinterlace' from='PHP 4, PHP 5'/>
 <function name='imageistruecolor' from='PHP 4 &gt;= 4.3.2, PHP 5'/>
 <function name='imagejpeg' from='PHP 4, PHP 5'/>
 <function name='imagelayereffect' from='PHP 4 &gt;= 4.3.0, PHP 5'/>
 <function name='imageline' from='PHP 4, PHP 5'/>
 <function name='imageloadfont' from='PHP 4, PHP 5'/>
 <function name='imagepalettecopy' from='PHP 4 &gt;= 4.0.1, PHP 5'/>
 <function name='imagepng' from='PHP 4, PHP 5'/>
 <function name='imagepolygon' from='PHP 4, PHP 5'/>
 <function name='imagepsbbox' from='PHP 4, PHP 5'/>
 <function name='imagepscopyfont' from='PHP 4, PHP 5'/>
 <function name='imagepsencodefont' from='PHP 4, PHP 5'/>
 <function name='imagepsextendfont' from='PHP 4, PHP 5'/>
 <function name='imagepsfreefont' from='PHP 4, PHP 5'/>
 <function name='imagepsloadfont' from='PHP 4, PHP 5'/>
 <function name='imagepsslantfont' from='PHP 4, PHP 5'/>
 <function name='imagepstext' from='PHP 4, PHP 5'/>
 <function name='imagerectangle' from='PHP 4, PHP 5'/>
 <function name='imagerotate' from='PHP 4 &gt;= 4.3.0, PHP 5'/>
 <function name='imagesavealpha' from='PHP 4 &gt;= 4.3.2, PHP 5'/>
 <function name='imagesetbrush' from='PHP 4 &gt;= 4.0.6, PHP 5'/>
 <function name='imagesetpixel' from='PHP 4, PHP 5'/>
 <function name='imagesetstyle' from='PHP 4 &gt;= 4.0.6, PHP 5'/>
 <function name='imagesetthickness' from='PHP 4 &gt;= 4.0.6, PHP 5'/>
 <function name='imagesettile' from='PHP 4 &gt;= 4.0.6, PHP 5'/>
 <function name='imagestring' from='PHP 4, PHP 5'/>
 <function name='imagestringup' from='PHP 4, PHP 5'/>
 <function name='imagesx' from='PHP 4, PHP 5'/>
 <function name='imagesy' from='PHP 4, PHP 5'/>
 <function name='imagetruecolortopalette' from='PHP 4 &gt;= 4.0.6, PHP 5'/>
 <function name='imagettfbbox' from='PHP 4, PHP 5'/>
 <function name='imagettftext' from='PHP 4, PHP 5'/>
 <function name='imagetypes' from='PHP 4 &gt;= 4.0.2, PHP 5'/>
 <function name='imagewbmp' from='PHP 4 &gt;= 4.0.1, PHP 5'/>
 <function name='imagexbm' from='PHP 5'/>
</versions>

<!-- Keep this comment at the end of the file
Local variables:
mode: sgml
sgml-omittag:t
sgml-shorttag:t
sgml-minimize-attributes:nil
sgml-always-quote-attributes:t
sgml-indent-step:1
sgml-indent-data:t
indent-tabs-mode:nil
sgml-parent-document:nil
sgml-default-dtd-file:"../../../manual.ced"
sgml-exposed-tags:nil
sgml-local-catalogs:nil
sgml-local-ecat-files:nil
End:
vim600: syn=xml fen fdm=syntax fdl=2 si
vim: et tw=78 syn=sgml
vi: ts=1 sw=1
-->