<?xml version='1.0' encoding='utf-8'?>
<!-- $Revision: 1.1 $ -->
<!--
  Do NOT translate this file
-->
<versions>
 <function name='gzclose' from='PHP 4, PHP 5'/>
 <function name='gzcompress' from='PHP 4 &gt;= 4.0.1, PHP 5'/>
 <function name='gzdeflate' from='PHP 4 &gt;= 4.0.4, PHP 5'/>
 <function name='gzencode' from='PHP 4 &gt;= 4.0.4, PHP 5'/>
 <function name='gzeof' from='PHP 4, PHP 5'/>
 <function name='gzfile' from='PHP 4, PHP 5'/>
 <function name='gzgetc' from='PHP 4, PHP 5'/>
 <function name='gzgets' from='PHP 4, PHP 5'/>
 <function name='gzgetss' from='PHP 4, PHP 5'/>
 <function name='gzinflate' from='PHP 4 &gt;= 4.0.4, PHP 5'/>
 <function name='gzopen' from='PHP 4, PHP 5'/>
 <function name='gzpassthru' from='PHP 4, PHP 5'/>
 <function name='gzputs' from='PHP 4, PHP 5'/>
 <function name='gzread' from='PHP 4, PHP 5'/>
 <function name='gzrewind' from='PHP 4, PHP 5'/>
 <function name='gzseek' from='PHP 4, PHP 5'/>
 <function name='gztell' from='PHP 4, PHP 5'/>
 <function name='gzuncompress' from='PHP 4 &gt;= 4.0.1, PHP 5'/>
 <function name='gzwrite' from='PHP 4, PHP 5'/>
 <function name='zlib_get_coding_type' from='PHP 4 &gt;= 4.3.2, PHP 5'/>
</versions>

<!-- Keep this comment at the end of the file
Local variables:
mode: sgml
sgml-omittag:t
sgml-shorttag:t
sgml-minimize-attributes:nil
sgml-always-quote-attributes:t
sgml-indent-step:1
sgml-indent-data:t
indent-tabs-mode:nil
sgml-parent-document:nil
sgml-default-dtd-file:"../../../manual.ced"
sgml-exposed-tags:nil
sgml-local-catalogs:nil
sgml-local-ecat-files:nil
End:
vim600: syn=xml fen fdm=syntax fdl=2 si
vim: et tw=78 syn=sgml
vi: ts=1 sw=1
-->