<?xml version='1.0' encoding='utf-8'?>
<!-- $Revision: 1.1 $ -->
<!--
  Do NOT translate this file
-->
<versions>
 <function name='com_addref' from='PHP 4 &gt;= 4.1.0'/>
 <function name='com_create_guid' from='PHP 5'/>
 <function name='com_event_sink' from='PHP 4 &gt;= 4.2.0, PHP 5'/>
 <function name='com_get' from='PHP 4'/>
 <function name='com_get_active_object' from='PHP 5'/>
 <function name='com_invoke' from='PHP 4'/>
 <function name='com_invoke_ex' from='PHP 4 &gt;= 4.3.0'/>
 <function name='com_isenum' from='PHP 4 &gt;= 4.1.0'/>
 <function name='com_load' from='PHP 4'/>
 <function name='com_load_typelib' from='PHP 4 &gt;= 4.1.0, PHP 5'/>
 <function name='com_message_pump' from='PHP 4 &gt;= 4.2.0, PHP 5'/>
 <function name='com_print_typeinfo' from='PHP 4 &gt;= 4.2.0, PHP 5'/>
 <function name='com_propget' from='PHP 4'/>
 <function name='com_propput' from='PHP 4'/>
 <function name='com_propset' from='PHP 4'/>
 <function name='com_release' from='PHP 4 &gt;= 4.1.0'/>
 <function name='com_set' from='PHP 4'/>
</versions>

<!-- Keep this comment at the end of the file
Local variables:
mode: sgml
sgml-omittag:t
sgml-shorttag:t
sgml-minimize-attributes:nil
sgml-always-quote-attributes:t
sgml-indent-step:1
sgml-indent-data:t
indent-tabs-mode:nil
sgml-parent-document:nil
sgml-default-dtd-file:"../../../manual.ced"
sgml-exposed-tags:nil
sgml-local-catalogs:nil
sgml-local-ecat-files:nil
End:
vim600: syn=xml fen fdm=syntax fdl=2 si
vim: et tw=78 syn=sgml
vi: ts=1 sw=1
-->