<?xml version='1.0' encoding='utf-8'?>
<!-- $Revision: 1.1 $ -->
<!--
  Do NOT translate this file
-->
<!--
 FIXME: This is not complete
-->
<versions>
 <function name='spl_autoload' from='PHP 5 &gt;= 5.1.2'/>
 <function name='spl_autoload_call' from='PHP 5 &gt;= 5.1.2'/>
 <function name='spl_autoload_extensions' from='PHP 5 &gt;= 5.1.2'/>
 <function name='spl_autoload_functions' from='PHP 5 &gt;= 5.1.2'/>
 <function name='spl_autoload_register' from='PHP 5 &gt;= 5.1.2'/>
 <function name='spl_autoload_unregister' from='PHP 5 &gt;= 5.1.2'/>

 <function name='spl_classes' from='PHP 5'/>
 <function name='spl_object_hash' from='PHP 5 &gt;= 5.2.0'/>

 <function name='splfileinfo::__construct' from='PHP 5 &gt;= 5.1.2'/>
 <function name='splfileinfo::getatime' from='PHP 5 &gt;= 5.1.2'/>
 <function name='splfileinfo::getbasename' from='PHP 5 &gt;= 5.2.2'/>
 <function name='splfileinfo::getctime' from='PHP 5 &gt;= 5.1.2'/>
 <function name='splfileinfo::getfileinfo' from='PHP 5 &gt;= 5.1.2'/>
 <function name='splfileinfo::getfilename' from='PHP 5 &gt;= 5.1.2'/>
 <function name='splfileinfo::getgroup' from='PHP 5 &gt;= 5.1.2'/>
 <function name='splfileinfo::getinode' from='PHP 5 &gt;= 5.1.2'/>
 <function name='splfileinfo::getlinktarget' from='PHP 5 &gt;= 5.2.2'/>
 <function name='splfileinfo::getmtime' from='PHP 5 &gt;= 5.1.2'/>
 <function name='splfileinfo::getowner' from='PHP 5 &gt;= 5.1.2'/>
 <function name='splfileinfo::getpath' from='PHP 5 &gt;= 5.1.2'/>
 <function name='splfileinfo::getpathinfo' from='PHP 5 &gt;= 5.1.2'/>
 <function name='splfileinfo::getpathname' from='PHP 5 &gt;= 5.1.2'/>
 <function name='splfileinfo::getperms' from='PHP 5 &gt;= 5.1.2'/>
 <function name='splfileinfo::getrealpath' from='PHP 5 &gt;= 5.2.2'/>
 <function name='splfileinfo::getsize' from='PHP 5 &gt;= 5.1.2'/>
 <function name='splfileinfo::gettype' from='PHP 5 &gt;= 5.1.2'/>
 <function name='splfileinfo::isdir' from='PHP 5 &gt;= 5.1.2'/>
 <function name='splfileinfo::isexecutable' from='PHP 5 &gt;= 5.1.2'/>
 <function name='splfileinfo::isfile' from='PHP 5 &gt;= 5.1.2'/>
 <function name='splfileinfo::islink' from='PHP 5 &gt;= 5.1.2'/>
 <function name='splfileinfo::isreadable' from='PHP 5 &gt;= 5.1.2'/>
 <function name='splfileinfo::iswritable' from='PHP 5 &gt;= 5.1.2'/>
 <function name='splfileinfo::openfile' from='PHP 5 &gt;= 5.1.2'/>
 <function name='splfileinfo::setfileclass' from='PHP 5 &gt;= 5.1.2'/>
 <function name='splfileinfo::setinfoclass' from='PHP 5 &gt;= 5.1.2'/>

 <function name='splfileobject::__construct' from='PHP 5 &gt;= 5.1.0'/>
 <function name='splfileobject::current' from='PHP 5 &gt;= 5.1.0'/>
 <function name='splfileobject::eof' from='PHP 5 &gt;= 5.1.0'/>
 <function name='splfileobject::fflush' from='PHP 5 &gt;= 5.1.0'/>
 <function name='splfileobject::fgetc' from='PHP 5 &gt;= 5.1.0'/>
 <function name='splfileobject::fgetcsv' from='PHP 5 &gt;= 5.1.0'/>
 <function name='splfileobject::fgets' from='PHP 5 &gt;= 5.1.0'/>
 <function name='splfileobject::fgetss' from='PHP 5 &gt;= 5.1.0'/>
 <function name='splfileobject::flock' from='PHP 5 &gt;= 5.1.0'/>
 <function name='splfileobject::fpassthru' from='PHP 5 &gt;= 5.1.0'/>
 <function name='splfileobject::fscanf' from='PHP 5 &gt;= 5.1.0'/>
 <function name='splfileobject::fseek' from='PHP 5 &gt;= 5.1.0'/>
 <function name='splfileobject::fstat' from='PHP 5 &gt;= 5.1.0'/>
 <function name='splfileobject::ftell' from='PHP 5 &gt;= 5.1.0'/>
 <function name='splfileobject::ftruncate' from='PHP 5 &gt;= 5.1.0'/>
 <function name='splfileobject::fwrite' from='PHP 5 &gt;= 5.1.0'/>
 <function name='splfileobject::getchildren' from='PHP 5 &gt;= 5.1.0'/>
 <function name='splfileobject::getcsvcontrol' from='PHP 5 &gt;= 5.2.0'/>
 <function name='splfileobject::getfilename' from='PHP 5 &gt;= 5.1.0'/>
 <function name='splfileobject::getflags' from='PHP 5 &gt;= 5.1.0'/>
 <function name='splfileobject::getmaxlinelen' from='PHP 5 &gt;= 5.1.0'/>
 <function name='splfileobject::haschildren' from='PHP 5 &gt;= 5.1.2'/>
 <function name='splfileobject::key' from='PHP 5 &gt;= 5.1.0'/>
 <function name='splfileobject::next' from='PHP 5 &gt;= 5.1.0'/>
 <function name='splfileobject::rewind' from='PHP 5 &gt;= 5.1.0'/>
 <function name='splfileobject::seek' from='PHP 5 &gt;= 5.1.0'/>
 <function name='splfileobject::setcsvcontrol' from='PHP 5 &gt;= 5.2.0'/>
 <function name='splfileobject::setflags' from='PHP 5 &gt;= 5.1.0'/>
 <function name='splfileobject::setmaxlinelen' from='PHP 5 &gt;= 5.1.0'/>
 <function name='splfileobject::valid' from='PHP 5 &gt;= 5.1.0'/>

 <function name='splobjectstorage::attach' from='PHP 5 &gt;= 5.1.0'/>
 <function name='splobjectstorage::contains' from='PHP 5 &gt;= 5.1.0'/>
 <function name='splobjectstorage::count' from='PHP 5 &gt;= 5.1.0'/>
 <function name='splobjectstorage::current' from='PHP 5 &gt;= 5.1.0'/>
 <function name='splobjectstorage::detach' from='PHP 5 &gt;= 5.1.0'/>
 <function name='splobjectstorage::key' from='PHP 5 &gt;= 5.1.0'/>
 <function name='splobjectstorage::next' from='PHP 5 &gt;= 5.1.0'/>
 <function name='splobjectstorage::rewind' from='PHP 5 &gt;= 5.1.0'/>
 <function name='splobjectstorage::serialize' from='PHP 5 &gt;= 5.2.2'/>
 <function name='splobjectstorage::unserialize' from='PHP 5 &gt;= 5.2.2'/>
 <function name='splobjectstorage::valid' from='PHP 5 &gt;= 5.1.0'/>

 <function name='spltempfileobject::__construct' from='PHP 5 &gt;= 5.2.0'/>

 <function name='directoryiterator::__construct' from='PHP 5'/>
 <function name='directoryiterator::current' from='PHP 5'/>
 <function name='directoryiterator::fileatime' from='PHP 5 &lt;= 5.0.1'/>
 <function name='directoryiterator::filectime' from='PHP 5 &lt;= 5.0.1'/>
 <function name='directoryiterator::filegroup' from='PHP 5 &lt;= 5.0.1'/>
 <function name='directoryiterator::fileinode' from='PHP 5 &lt;= 5.0.1'/>
 <function name='directoryiterator::filemtime' from='PHP 5 &lt;= 5.0.1'/>
 <function name='directoryiterator::fileowner' from='PHP 5 &lt;= 5.0.1'/>
 <function name='directoryiterator::fileperms' from='PHP 5 &lt;= 5.0.1'/>
 <function name='directoryiterator::filesize' from='PHP 5 &lt;= 5.0.1'/>
 <function name='directoryiterator::filetype' from='PHP 5 &lt;= 5.0.1'/>
 <function name='directoryiterator::getatime' from='PHP 5 &gt;= 5.0.2'/>
 <function name='directoryiterator::getbasename' from='PHP 5 &gt;= 5.2.2'/>
 <function name='directoryiterator::getchildren' from='PHP 5'/>
 <function name='directoryiterator::getctime' from='PHP 5 &gt;= 5.0.2'/>
 <function name='directoryiterator::getfilename' from='PHP 5'/>
 <function name='directoryiterator::getgroup' from='PHP 5 &gt;= 5.0.2'/>
 <function name='directoryiterator::getinode' from='PHP 5 &gt;= 5.0.2'/>
 <function name='directoryiterator::getmtime' from='PHP 5 &gt;= 5.0.2'/>
 <function name='directoryiterator::getowner' from='PHP 5 &gt;= 5.0.2'/>
 <function name='directoryiterator::getpath' from='PHP 5 &lt;= 5.1.1'/>
 <function name='directoryiterator::getpathname' from='PHP 5 &lt;= 5.1.1'/>
 <function name='directoryiterator::getperms' from='PHP 5 &gt;= 5.0.2'/>
 <function name='directoryiterator::getsize' from='PHP 5 &gt;= 5.0.2'/>
 <function name='directoryiterator::gettype' from='PHP 5 &gt;= 5.0.2'/>
 <function name='directoryiterator::isdir' from='PHP 5 &lt;= 5.1.1'/>
 <function name='directoryiterator::isdot' from='PHP 5'/>
 <function name='directoryiterator::isexecutable' from='PHP 5 &lt;= 5.1.1'/>
 <function name='directoryiterator::isfile' from='PHP 5 &lt;= 5.1.1'/>
 <function name='directoryiterator::islink' from='PHP 5 &lt;= 5.1.1'/>
 <function name='directoryiterator::isreadable' from='PHP 5 &lt;= 5.1.1'/>
 <function name='directoryiterator::iswritable' from='PHP 5 &lt;= 5.1.1'/>
 <function name='directoryiterator::key' from='PHP 5'/>
 <function name='directoryiterator::next' from='PHP 5'/>
 <function name='directoryiterator::openfile' from='PHP 5 &gt;= 5.1.0'/>
 <function name='directoryiterator::rewind' from='PHP 5'/>
 <function name='directoryiterator::valid' from='PHP 5'/>
</versions>

<!-- Keep this comment at the end of the file
Local variables:
mode: sgml
sgml-omittag:t
sgml-shorttag:t
sgml-minimize-attributes:nil
sgml-always-quote-attributes:t
sgml-indent-step:1
sgml-indent-data:t
indent-tabs-mode:nil
sgml-parent-document:nil
sgml-default-dtd-file:"../../../manual.ced"
sgml-exposed-tags:nil
sgml-local-catalogs:nil
sgml-local-ecat-files:nil
End:
vim600: syn=xml fen fdm=syntax fdl=2 si
vim: et tw=78 syn=sgml
vi: ts=1 sw=1
-->