<?xml version='1.0' encoding='utf-8'?>
<!-- $Revision: 1.1 $ -->
<!--
  Do NOT translate this file
-->
<versions>
 <function name='xsl_xsltprocessor_get_parameter' from='PHP 5'/>
 <function name='xsl_xsltprocessor_has_exslt_support' from='PHP 5 &gt;= 5.0.4'/>
 <function name='xsl_xsltprocessor_import_stylesheet' from='PHP 5'/>
 <function name='xsl_xsltprocessor_register_php_functions' from='PHP 5 &gt;= 5.0.4'/>
 <function name='xsl_xsltprocessor_remove_parameter' from='PHP 5'/>
 <function name='xsl_xsltprocessor_set_parameter' from='PHP 5'/>
 <function name='xsl_xsltprocessor_set_parameter' from='PHP &gt;= 5.3.0'/>
 <function name='xsl_xsltprocessor_transform_to_doc' from='PHP 5'/>
 <function name='xsl_xsltprocessor_transform_to_uri' from='PHP 5'/>
 <function name='xsl_xsltprocessor_transform_to_xml' from='PHP 5'/>
</versions>

<!-- Keep this comment at the end of the file
Local variables:
mode: sgml
sgml-omittag:t
sgml-shorttag:t
sgml-minimize-attributes:nil
sgml-always-quote-attributes:t
sgml-indent-step:1
sgml-indent-data:t
indent-tabs-mode:nil
sgml-parent-document:nil
sgml-default-dtd-file:"../../../manual.ced"
sgml-exposed-tags:nil
sgml-local-catalogs:nil
sgml-local-ecat-files:nil
End:
vim600: syn=xml fen fdm=syntax fdl=2 si
vim: et tw=78 syn=sgml
vi: ts=1 sw=1
-->